{"count":1,"self":77.664979199999991,"total":78.773891999999989,"children":{"InitializeActuators":{"count":1,"self":0.0011148,"total":0.0011148,"children":null},"InitializeSensors":{"count":1,"self":0.00086239999999999993,"total":0.00086239999999999993,"children":null},"AgentSendState":{"count":3666,"self":0.061629699999999996,"total":0.0907921,"children":{"CollectObservations":{"count":734,"self":0.019307599999999998,"total":0.019307599999999998,"children":null},"WriteActionMask":{"count":734,"self":0.0020545999999999997,"total":0.0020545999999999997,"children":null},"RequestDecision":{"count":734,"self":0.0078001999999999993,"total":0.0078001999999999993,"children":null}}},"DecideAction":{"count":3666,"self":0.96381889999999992,"total":0.96381889999999992,"children":null},"AgentAct":{"count":3666,"self":0.0523261,"total":0.0523261,"children":null}},"gauges":{"ArcadeDriver.CumulativeReward":{"count":69,"max":28.7140617,"min":-9.997934,"runningAverage":-4.295268,"value":-5.094036,"weightedAverage":-6.966769}},"metadata":{"timer_format_version":"0.1.0","start_time_seconds":"1717297709","unity_version":"2022.3.29f1","command_line_arguments":"C:\\Program Files\\Unity\\Hub\\Editor\\2022.3.29f1\\Editor\\Unity.exe -projectpath C:\\github\\RicochetRacing -useHub -hubIPC -cloudEnvironment production -licensingIpc LicenseClient-mapfe -hubSessionId fd674cf2-89bd-4a90-a00f-a744921b18d0 -accessToken cHTnaB4UoYnILz67FkFrt5nyuozcCD_C42_M6-aDcXg012f","communication_protocol_version":"1.5.0","com.unity.ml-agents_version":"2.0.1","scene_name":"LongTrack","end_time_seconds":"1717297788"}}